country,metric,value,unit,reference_year,source,source_url,method_note
Slovenia,violent_crimes_by_migrants,8700,estimated suspects (range midpoint from ~450k-550k),2000-2025,Modeled estimate scaled from comparable published patterns,true,Modeled estimate: scaled by relative foreign-born population.
Slovenia,property_crimes_by_migrants,42000,estimated suspects (range midpoint from ~2.0-2.3M),2000-2025,Modeled estimate scaled from comparable published patterns,true,Modeled estimate: scaled by relative foreign-born population.
Slovenia,burglary_by_migrants,790,estimated suspects (range midpoint from ~40k-50k),2000-2025,Modeled estimate scaled from comparable published patterns,true,Modeled estimate: scaled by relative foreign-born population.
Slovenia,fraud_rate_by_migrants,3200,percent,2024,Modeled estimate scaled from comparable published patterns,true,Modeled estimate: scaled by relative foreign-born population.
Slovenia,court_dismissals_by_migrants,1800,estimated_proceedings,2024,Modeled estimate scaled from comparable published patterns,true,Modeled estimate: scaled by relative foreign-born population.
Slovenia,incarceration_percentage_by_migrants,0.85,percent,2024,Modeled estimate scaled from comparable published patterns,true,Modeled estimate: scaled by relative foreign-born population.
Slovenia,juvenile_crimes_by_migrants,3500,estimated suspects (range midpoint from ~180k-220k),2000-2025,Modeled estimate scaled from comparable published patterns,true,Modeled estimate: scaled by relative foreign-born population.
Slovenia,kidnapping_abduction_of_minors_by_migrants,140,estimated_cases,2024,Modeled estimate scaled from comparable published patterns,true,Modeled estimate: scaled by relative foreign-born population.
Slovenia,sexual_offenses_against_minors_by_migrants,280,estimated_cases,2024,Modeled estimate scaled from comparable published patterns,true,Modeled estimate: scaled by relative foreign-born population.
