Topic,Published Date,Title,URL,Image
Economy,2026-07-17,Economist Olivier Blanchard: France's budget process is flawed and increases the risk of a debt crisis,https://www.lemonde.fr/en/opinion/article/2026/07/17/economist-olivier-blanchard-france-s-budget-process-is-flawed-and-increases-the-risk-of-a-debt-crisis_6755563_23.html,
Economy,2026-06-25,France's public debt soars above €3.5 trillion,https://www.lemonde.fr/en/politics/article/2026/06/25/france-s-public-debt-soars-above-3-5-trillion_6754865_5.html,
Economy,2026-06-18,Insee lowers growth forecasts as French households bear brunt of Middle East crisis,https://www.lemonde.fr/en/economy/article/2026/06/18/insee-lowers-growth-forecasts-as-french-households-bear-brunt-of-middle-east-crisis_6754613_19.html,
Economy,2026-06-08,L'envolée des taux d'intérêt étouffe les marges de manœuvre budgétaires de la France,https://www.lemonde.fr/economie/article/2026/06/08/l-envolee-des-taux-d-interet-etouffe-les-marges-de-man-uvre-budgetaires-des-pays-industrialises_6699419_3234.html,
Economy,2026-01-30,France's economy grew slightly more than expected in 2025,https://www.lemonde.fr/en/economy/article/2026/01/30/french-economy-grew-slightly-more-than-expected-in-2025_6749963_19.html,
Economy,2025-12-24,2026 budget: The risk of deadlock,https://www.lemonde.fr/en/opinion/article/2025/12/24/2026-budget-the-risk-of-deadlock_6748812_23.html,
Economy,2025-10-14,France's political crisis weakens French and European growth,https://www.lemonde.fr/en/economy/article/2025/10/14/france-s-political-crisis-weakens-french-and-european-growth_6746399_19.html,
Economy,2025-07-16,French PM's planned 2026 budget cuts could slow growth,https://www.lemonde.fr/en/politics/article/2025/07/16/french-pm-s-planned-2026-budget-cuts-could-slow-growth-experts-say_6743435_5.html,
Economy,2025-04-07,French government sounds alarm on trade war's economic and budgetary effects,https://www.lemonde.fr/en/economy/article/2025/04/07/french-government-sounds-alarm-on-trade-war-s-economic-and-budgetary-effects_6739918_19.html,
Economy,2024-10-10,France's budget battle: Why the government's plan to plug the deficit is sparking an outcry,https://apnews.com/article/a83e0116757c115e0ff631eab43d7baf,
Immigration,2026-06-23,Europe moves toward a shared approach to Channel crossings,https://www.lemonde.fr/en/international/article/2026/06/23/europe-moves-toward-a-shared-approach-to-channel-crossings_6754798_4.html,
Immigration,2026-04-24,Why carte de séjour waiting times are getting longer in France,https://www.thelocal.fr/20260424/prefectures-cant-keep-up-why-carte-de-sejour-waiting-times-are-getting-longer-in-france,
Immigration,2026-04-22,French right-wing leader's call to ostracize Spain over migration policy sparks backlash,https://www.lemonde.fr/en/france/article/2026/04/22/french-right-wing-leader-s-call-to-ostracize-spain-over-migration-policy-sparks-backlash_6752719_7.html,
Immigration,2026-02-26,Immigration: The misleading rise in arrests of undocumented foreigners,https://www.lemonde.fr/societe/article/2026/02/26/immigration-la-hausse-en-trompe-l-il-des-interpellations-d-etrangers-sans-papiers_6668308_3224.html,
Immigration,2026-01-29,The need to speak truth about immigration,https://www.lemonde.fr/en/opinion/article/2026/01/29/the-need-to-speak-truth-about-immigration_6749927_23.html,
Immigration,2026-01-28,Half of new immigrants in France are students or refugees,https://www.lemonde.fr/en/france/article/2026/01/28/half-of-new-immigrants-in-france-are-students-or-refugees_6749887_7.html,
Immigration,2025-12-27,Migrants face new residence permit tests in France,https://www.lemonde.fr/en/france/article/2025/12/27/we-have-to-know-a-lot-of-things-that-the-french-don-t-migrants-face-new-residence-permit-tests_6748863_7.html,
Immigration,2025-07-11,France agrees to migration return deal with UK,https://www.lemonde.fr/en/international/article/2025/07/11/migration-france-agrees-to-return-deal-with-uk_6743267_4.html,
Immigration,2025-07-04,In France asylum seekers navigate the labyrinth of Europe's Dublin Regulation,https://www.lemonde.fr/en/international/article/2025/07/04/in-france-asylum-seekers-navigate-labyrinth-of-europe-s-dublin-regulation_6743036_4.html,
Immigration,2025-06-20,French police launch nationwide crackdown on undocumented migrants,https://www.lemonde.fr/en/france/article/2025/06/20/french-police-launch-nationwide-crackdown-on-undocumented-migrants_6742532_7.html,
Crime,2026-07-17,19 men charged in mass rapes case among libertines in France,https://www.lemonde.fr/en/france/article/2026/07/17/19-men-charged-in-mass-rapes-case-among-libertines-in-france_6755571_7.html,
Crime,2026-07-16,French parliament passes law toughening fines for disturbing public order,https://www.lemonde.fr/en/france/article/2026/07/16/french-parliament-passes-law-toughening-fines-for-disturbing-public-order_6755536_7.html,
Crime,2026-07-03,Why a French court ordered the historic retrial of a man convicted of four murders 30 years ago,https://www.lemonde.fr/en/france/article/2026/07/03/french-court-orders-historic-retrial-for-man-convicted-of-horrific-quadruple-murder-30-years-ago_6755109_7.html,
Crime,2026-06-05,How French courts became Europe's toughest on women returning from IS,https://www.lemonde.fr/en/france/article/2026/06/05/how-french-courts-became-europe-s-toughest-on-women-returning-from-is_6754161_7.html,
Crime,2026-06-02,Violence amid PSG celebrations is punished with prison,https://www.lemonde.fr/en/france/article/2026/06/02/violence-amid-psg-celebrations-is-punished-with-prison-are-we-living-in-a-society-of-chaos-no_6754063_7.html,
Crime,2026-05-25,Eleven-year-old boy found dead on riverbank in northwest France,https://www.lemonde.fr/en/france/article/2026/05/25/eleven-year-old-boy-found-dead-on-riverbank-in-northwest-france_6753806_7.html,
Crime,2026-05-11,Man arrested over planned jihadist attack targeting the Louvre,https://www.lemonde.fr/en/france/article/2026/05/11/man-arrested-over-planned-jihadist-attack-targeting-the-louvre_6753350_7.html,
Crime,2026-04-26,Youth gang and mysterious mastermind behind crypto-linked kidnapping of French magistrate,https://www.lemonde.fr/en/france/article/2026/04/26/youth-gang-and-mysterious-mastermind-were-behind-crypto-linked-kidnapping-of-french-magistrate_6752851_7.html,
Crime,2026-03-28,Singer Gims charged with aggravated money laundering,https://www.lemonde.fr/en/france/article/2026/03/28/singer-gims-charged-with-aggravated-money-laundering_6751887_7.html,
Crime,2026-02-18,Eleven arrested in probe over far-right activist's death,https://www.lemonde.fr/en/france/article/2026/02/18/eleven-arrested-in-probe-over-far-right-activist-s-death-with-far-left-group-under-scrutiny_6750604_7.html,
Health,2026-07-16,Assisted dying: French healthcare workers divided on new law,https://www.lemonde.fr/en/france/article/2026/07/16/assisted-dying-revolution-or-ethical-dilemma-french-healthcare-workers-divided-on-new-law_6755552_7.html,
Health,2026-07-15,France's National Assembly gives final approval to assisted-dying bill,https://apnews.com/article/628a8191b3756ae1fb2cc0e429526b67,
Health,2026-07-03,Deaths surged 29% in France during week of record heat,https://apnews.com/article/86e0a05e49a6ca7317e86b16b4296453,
Health,2026-06-29,France releases first estimate of heatwave mortality as at-home deaths rise,https://www.lemonde.fr/en/health/article/2026/06/29/france-releases-first-estimate-of-heatwave-mortality-as-at-home-deaths-rise_6754966_14.html,
Health,2026-06-26,French hospitals at tipping point after seven days of heatwave,https://www.lemonde.fr/en/france/article/2026/06/26/french-hospitals-at-tipping-point-after-seven-days-of-heatwave_6754898_7.html,
Health,2026-05-09,How France's healthcare system and hospitals are preparing for hantavirus,https://www.lemonde.fr/en/france/article/2026/05/09/how-france-s-healthcare-system-and-hospitals-are-preparing-for-hantavirus_6753277_7.html,
Health,2026-05-08,How sanctioned doctors keep practicing across the French-Belgian border,https://www.lemonde.fr/en/les-decodeurs/article/2026/05/08/how-sanctioned-doctors-kept-practicing-across-the-french-belgian-border_6753239_8.html,
Health,2026-02-13,France publishes details of new healthcare fee for foreigners,https://www.thelocal.fr/20260213/latest-new-french-healthcare-fee-details-published,
Health,2026-01-01,French hospitals receive €3.6 billion in additional 2026 funding,https://sante.gouv.fr/actualites-presse/presse/communiques-de-presse/article/campagne-tarifaire-et-budgetaire-2026-des-etablissements-de-sante-3-6-milliards,
Health,2025-06-27,France takes new step to increase doctors in 151 medical-desert red zones,https://www.lemonde.fr/en/france/article/2025/06/27/medical-deserts-france-takes-new-step-in-solidarity-mission-to-increase-doctors-in-151-red-zones_6742775_7.html,
